dataset,model,corruption,d_acc,d_f1,d_xai,D_c
handpd_meander,efficientnet_b0,brightness,0.1504155124653741,0.3173771796072825,0.23270749999999998,0.21696241011487183
handpd_meander,efficientnet_b0,contrast,0.04432132963988934,0.050898520644926726,0.055094,0.04844902101342269
handpd_meander,efficientnet_b0,gaussian_blur,0.1717451523545707,0.22399689052351426,0.14458400000000002,0.1819884433343396
handpd_meander,efficientnet_b0,gaussian_noise,0.03185595567867045,0.0366088539359644,0.049552,0.03682103402012454
handpd_meander,efficientnet_b0,jpeg_compression,0.09113573407202225,0.16688906947598156,0.06845869565217391,0.10932632700924037
handpd_meander,efficientnet_b0,perspective,0.2066481994459835,0.29550937670713406,0.415926,0.27516211273513197
handpd_meander,efficientnet_b0,rotation,0.31551246537396127,0.730384807596202,0.6308571428571428,0.5030431035372698
handpd_meander,efficientnet_b0,shadow,0.009695290858725874,-0.04092522361198071,0.22292399999999998,0.03715487834576872
handpd_meander,mobilenet_v3_large,brightness,0.0929618768328446,0.1980669442800016,0.22959,0.15181902170042277
handpd_meander,mobilenet_v3_large,contrast,0.0,0.000976672582328171,0.05822799999999999,0.01193860177469845
handpd_meander,mobilenet_v3_large,gaussian_blur,0.12697947214076247,0.18251332437606946,0.10071800000000003,0.13838733338320208
handpd_meander,mobilenet_v3_large,gaussian_noise,0.1354838709677419,0.24027531938150987,0.130406,0.1659057312983239
handpd_meander,mobilenet_v3_large,jpeg_compression,0.11260997067448682,0.21029819250192833,0.11002,0.1413984430878219
handpd_meander,mobilenet_v3_large,perspective,0.1219941348973607,0.18992708694890975,0.289686,0.17591239353335328
handpd_meander,mobilenet_v3_large,rotation,0.24868035190615845,0.5966890700988157,0.505602,0.4044672969827239
handpd_meander,mobilenet_v3_large,shadow,0.027859237536656933,0.03519421375084012,0.11061800000000002,0.04661148289358051
handpd_meander,resnet50,brightness,0.05873925501432664,0.09516476359569591,0.22156000000000003,0.1022310565858721
handpd_meander,resnet50,contrast,0.0011461318051576407,0.01832176750686438,0.098416,0.025752796154638137
handpd_meander,resnet50,gaussian_blur,0.006017191977077405,-0.008775689881247245,0.14029,0.02843388902416453
handpd_meander,resnet50,gaussian_noise,-0.010601719197707641,-0.005283197158943624,0.10807399999999999,0.014728981253463093
handpd_meander,resnet50,jpeg_compression,0.0538681948424069,0.09043835264328505,0.16326938775510202,0.08671948076520937
handpd_meander,resnet50,perspective,0.007736389684813771,0.05716974771672404,0.35794800000000004,0.09260871915742411
handpd_meander,resnet50,rotation,0.07936962750716332,0.21456939274224948,0.56146,0.2163476315762565
handpd_meander,resnet50,shadow,0.017191977077363967,0.017080787474470786,0.116082,0.03693662478102322
handpd_meander,vgg16,brightness,0.1371202113606341,0.3038474151687069,0.20224615384615388,0.20016356100015992
handpd_meander,vgg16,contrast,0.006605019815059452,0.006650115687963432,0.097562,0.024809944613918757
handpd_meander,vgg16,gaussian_blur,0.011624834874504632,0.0022988505747125977,0.10638600000000001,0.0277792726096661
handpd_meander,vgg16,gaussian_noise,0.04359313077939234,0.04671994007165313,0.08350869565217392,0.05251428654162689
handpd_meander,vgg16,jpeg_compression,0.03963011889035666,0.04550746166970952,0.09704897959183671,0.05287709386445853
handpd_meander,vgg16,perspective,0.017965653896961663,-0.0003888686683124441,0.217162,0.0522985663479871
handpd_meander,vgg16,rotation,0.31545574636723916,0.616133334124692,0.45141041666666676,0.4328499567543605
handpd_meander,vgg16,shadow,0.03804491413474241,0.005406878897602779,0.110358,0.04271612073665204
handpd_spiral,efficientnet_b0,brightness,0.14616352201257854,0.2251717574063153,0.2634717948717949,0.19332764720254283
handpd_spiral,efficientnet_b0,contrast,0.06289308176100622,0.09390490043418158,0.13068863636363637,0.08575573828348486
handpd_spiral,efficientnet_b0,gaussian_blur,0.11320754716981123,0.16194553714805085,0.32912619047619046,0.17101267282455895
handpd_spiral,efficientnet_b0,gaussian_noise,0.011069182389937043,0.0032154454001773547,0.10989600000000001,0.028478424815021733
handpd_spiral,efficientnet_b0,jpeg_compression,0.10062893081761,0.1751641549153064,0.10015999999999999,0.12289571188339692
handpd_spiral,efficientnet_b0,perspective,0.08930817610062883,0.060337479628933724,0.36187727272727277,0.1351307864844491
handpd_spiral,efficientnet_b0,rotation,0.08830188679245275,-0.042615637108091964,0.719274,0.1752210522637988
handpd_spiral,efficientnet_b0,shadow,0.04150943396226411,-0.055451180821262123,0.24496800000000005,0.053112962734753424
handpd_spiral,mobilenet_v3_large,brightness,0.058760107816711704,0.09091700322469551,0.18300799999999998,0.0932567548757645
handpd_spiral,mobilenet_v3_large,contrast,0.004582210242587727,-0.00025169762011875154,0.044391999999999994,0.011093995835258238
handpd_spiral,mobilenet_v3_large,gaussian_blur,0.0032345013477089292,-0.0015882231916503876,0.062372,0.013615183716359348
handpd_spiral,mobilenet_v3_large,gaussian_noise,-0.015902964959568645,-0.0065065688547470465,0.062113999999999996,0.002519346863791563
handpd_spiral,mobilenet_v3_large,jpeg_compression,0.011320754716981183,0.007701025363202324,0.063778,0.02072628496745129
handpd_spiral,mobilenet_v3_large,perspective,0.02398921832884109,0.041376729119883354,0.22547799999999998,0.06950322790038554
handpd_spiral,mobilenet_v3_large,rotation,0.019137466307277678,0.08876003071863334,0.29831,0.09585874236922884
handpd_spiral,mobilenet_v3_large,shadow,0.13989218328840983,-0.013024420271611343,0.17150600000000002,0.10033996556272151
handpd_spiral,resnet50,brightness,0.133674775928297,0.04611870508717013,0.24820599999999998,0.13031419949029954
handpd_spiral,resnet50,contrast,-0.019206145966709394,0.0042062628950772785,0.085976,0.008854005885168487
handpd_spiral,resnet50,gaussian_blur,0.061971830985915424,0.1310719667720026,0.156126,0.1015327055245585
handpd_spiral,resnet50,gaussian_noise,0.07938540332906525,-0.011643826757675616,0.15266799999999997,0.06673315363722994
handpd_spiral,resnet50,jpeg_compression,0.0284250960307298,0.07362085556078024,0.15347400000000003,0.06699360468359898
handpd_spiral,resnet50,perspective,0.004865556978233039,0.04836297197545151,0.32891399999999993,0.08272447008175196
handpd_spiral,resnet50,rotation,0.06837387964148524,0.10455117734683064,0.510136,0.16757949302479183
handpd_spiral,resnet50,shadow,0.15339308578745195,-0.014915290883149749,0.218984,0.11601875562878106
handpd_spiral,vgg16,brightness,0.04317548746518106,-0.005406520375892435,0.280986,0.0761629876198228
handpd_spiral,vgg16,contrast,0.004178272980501429,0.003945372261604371,0.06679591836734693,0.016631931842201412
handpd_spiral,vgg16,gaussian_blur,0.01615598885793878,0.04629186919185401,0.111368085106383,0.04423917220780219
handpd_spiral,vgg16,gaussian_noise,0.014206128133704796,0.02379043606581034,0.098196,0.0338793948865955
handpd_spiral,vgg16,jpeg_compression,0.0025069637883008413,-0.006683546729874606,0.08582799999999999,0.01641401787518804
handpd_spiral,vgg16,perspective,0.02646239554317556,0.02539792956677367,0.28366600000000003,0.07758377664161989
handpd_spiral,vgg16,rotation,0.019777158774373287,0.08433131877251468,0.501008,0.13538957501894106
handpd_spiral,vgg16,shadow,0.02813370473537604,-0.010202814148886073,0.205694,0.052144808123022204
pdraw_spiral,efficientnet_b0,brightness,-5.828670879282072e-17,-0.006326048678989895,0.264446,0.050991385396303004
pdraw_spiral,efficientnet_b0,contrast,-0.008695652173913132,-0.020757575757575777,0.075236,0.0044721011857707
pdraw_spiral,efficientnet_b0,gaussian_blur,-0.043478260869565355,-0.03571428571428575,0.19282399999999997,0.006111383850931594
pdraw_spiral,efficientnet_b0,gaussian_noise,-0.0434782608695653,-0.007954674954675011,0.22645918367346937,0.021166303813508723
pdraw_spiral,efficientnet_b0,jpeg_compression,-0.03478260869565226,-0.04428660293762936,0.21441020408163267,0.012204755587211603
pdraw_spiral,efficientnet_b0,perspective,0.0608695652173913,0.032595385498611254,0.7761853658536585,0.19545047142901073
pdraw_spiral,efficientnet_b0,rotation,0.18260869565217386,0.04934174760368145,0.6228199999999999,0.23067087210719134
pdraw_spiral,efficientnet_b0,shadow,0.1565217391304347,0.048604116652244934,0.29763399999999995,0.15236890456089083
pdraw_spiral,mobilenet_v3_large,brightness,0.1666666666666667,0.09397000306091217,0.27913600000000005,0.16735153425160704
pdraw_spiral,mobilenet_v3_large,contrast,2.7755575615628914e-17,0.002713320132674918,0.08033799999999999,0.016881596039802486
pdraw_spiral,mobilenet_v3_large,gaussian_blur,-0.04999999999999993,-0.060427079981736666,0.2549604166666667,0.00786395933881237
pdraw_spiral,mobilenet_v3_large,gaussian_noise,-0.04166666666666663,-0.07247894588939008,0.20458400000000002,-0.001660217100150338
pdraw_spiral,mobilenet_v3_large,jpeg_compression,0.01666666666666671,-0.04351430609495129,0.276902,0.05065944150484797
pdraw_spiral,mobilenet_v3_large,perspective,-0.016666666666666607,0.0015436415436414907,0.3744619999999999,0.06702215912975913
pdraw_spiral,mobilenet_v3_large,rotation,0.03333333333333338,0.10441250449155585,0.661439534883721,0.18027832499087765
pdraw_spiral,mobilenet_v3_large,shadow,0.041666666666666796,0.07835690235690237,0.14115200000000003,0.07257080404040411
pdraw_spiral,resnet50,brightness,0.036363636363636466,0.019453550151224543,0.29450200000000004,0.08291828322718561
pdraw_spiral,resnet50,contrast,-0.02727272727272718,-0.014632478632478668,0.12269000000000002,0.006511892773892813
pdraw_spiral,resnet50,gaussian_blur,0.09090909090909102,0.04827635998367706,0.26000599999999996,0.11193865344964862
pdraw_spiral,resnet50,gaussian_noise,0.04545454545454557,0.024594594594594597,0.270136,0.08413285110565116
pdraw_spiral,resnet50,jpeg_compression,0.2000000000000001,0.10246216315983761,0.250208,0.18078024894795133
pdraw_spiral,resnet50,perspective,-0.009090909090908997,-0.0056826056826057075,0.24557599999999996,0.042864963749763785
pdraw_spiral,resnet50,rotation,0.19090909090909097,0.09470677711176863,0.53754,0.23137457858807609
pdraw_spiral,resnet50,shadow,0.15454545454545465,0.07715425715425717,0.274636,0.15534620441900449
pdraw_spiral,vgg16,brightness,0.1363636363636365,0.3475155279503105,0.41151,0.2547384765669114
pdraw_spiral,vgg16,contrast,0.018181818181818236,0.040816326530612256,0.10398400000000001,0.0421326070500928
pdraw_spiral,vgg16,gaussian_blur,0.08181818181818191,0.19860365198711066,0.3972419999999999,0.17993858650522412
pdraw_spiral,vgg16,gaussian_noise,0.06363636363636374,0.15134264232008596,0.25484599999999996,0.12819017451420764
pdraw_spiral,vgg16,jpeg_compression,0.10000000000000012,0.2438238453276048,0.32813400000000004,0.1887739535982815
pdraw_spiral,vgg16,perspective,0.07272727272727286,0.16938775510204082,0.36691399999999996,0.16056276289424867
pdraw_spiral,vgg16,rotation,6.106226635438361e-17,0.0017746228926353246,0.46879999999999994,0.09429238686779062
pdraw_spiral,vgg16,shadow,0.03636363636363647,0.025258799171842594,0.221294,0.07001825793337102
pdraw_wave,efficientnet_b0,brightness,-0.09090909090909083,-0.07879176379176386,0.188866,-0.031318874592074566
pdraw_wave,efficientnet_b0,contrast,-0.06363636363636357,-0.0463678257226645,0.058566,-0.03401532953498113
pdraw_wave,efficientnet_b0,gaussian_blur,0.027272727272727358,-0.01650576144503281,0.109148,0.03051423520285384
pdraw_wave,efficientnet_b0,gaussian_noise,-0.1818181818181817,-0.13617554858934178,0.099688,-0.11182415548589339
pdraw_wave,efficientnet_b0,jpeg_compression,0.03636363636363647,0.0010564986593608384,0.086418,0.035782367779626484
pdraw_wave,efficientnet_b0,perspective,-0.09999999999999994,-0.071911421911422,0.38737800000000006,0.005902173426573454
pdraw_wave,efficientnet_b0,rotation,0.3090909090909092,0.12424242424242422,0.661446,0.3241073818181819
pdraw_wave,efficientnet_b0,shadow,0.10909090909090921,0.02893431190302772,0.12930399999999997,0.0890865481163629
pdraw_wave,mobilenet_v3_large,brightness,0.06666666666666668,0.07558811558811564,0.26784600000000003,0.10957896800976805
pdraw_wave,mobilenet_v3_large,contrast,-0.007407407407407381,-0.0003052503052502518,0.048445999999999996,0.005893921204721235
pdraw_wave,mobilenet_v3_large,gaussian_blur,0.08888888888888888,0.11223192761654302,0.241362,0.12638642272940734
pdraw_wave,mobilenet_v3_large,gaussian_noise,0.05925925925925925,0.05625915750915753,0.11253799999999999,0.06901497688237689
pdraw_wave,mobilenet_v3_large,jpeg_compression,0.03703703703703708,0.0314896214896215,0.15589000000000003,0.059143404965404996
pdraw_wave,mobilenet_v3_large,perspective,0.0,0.008547008547008619,0.33688,0.06994010256410259
pdraw_wave,mobilenet_v3_large,rotation,0.3925925925925926,0.8446428571428571,0.676046,0.5848983534391534
pdraw_wave,mobilenet_v3_large,shadow,0.022222222222222244,0.03790927021696257,0.15142200000000003,0.052768292176199896
pdraw_wave,resnet50,brightness,-0.04166666666666663,-0.01320395686443431,0.22435200000000002,0.020075879607336398
pdraw_wave,resnet50,contrast,-0.008333333333333248,0.008815764253430067,0.07168,0.012814062609362395
pdraw_wave,resnet50,gaussian_blur,-0.024999999999999994,-0.019354838709677444,0.228086,0.027310748387096774
pdraw_wave,resnet50,gaussian_noise,0.025000000000000078,0.015466886055121384,0.18518600000000002,0.05417726581653646
pdraw_wave,resnet50,jpeg_compression,-0.033333333333333326,-0.02564102564102566,0.139736,0.0035882256410256393
pdraw_wave,resnet50,perspective,-0.008333333333333304,0.004787396511534435,0.25470600000000004,0.04821075228679369
pdraw_wave,resnet50,rotation,0.2083333333333334,0.10330496377008007,0.8459620000000001,0.30435055579769077
pdraw_wave,resnet50,shadow,0.03333333333333344,0.04079404466501242,0.20212199999999997,0.06932928006617045
pdraw_wave,vgg16,brightness,0.09629629629629632,0.09401157981803145,0.33295625,0.1429428720935576
pdraw_wave,vgg16,contrast,0.07407407407407411,0.07691167106489691,0.11433958333333333,0.0829784550231728
pdraw_wave,vgg16,gaussian_blur,0.09629629629629625,0.08166666666666667,0.23851632653061222,0.12035141345427058
pdraw_wave,vgg16,gaussian_noise,0.0666666666666667,0.07877492877492884,0.205034,0.097972611965812
pdraw_wave,vgg16,jpeg_compression,0.07407407407407407,0.07159045255819449,0.196484,0.09781097280449538
pdraw_wave,vgg16,perspective,0.06666666666666675,0.08172568172568179,0.35902999999999996,0.1296570378510379
pdraw_wave,vgg16,rotation,0.08148148148148152,0.10850580758273069,0.7181577777777777,0.2169240385711155
pdraw_wave,vgg16,shadow,0.014814814814814812,0.013333333333333327,0.18741632653061227,0.048890672713529856
